url,username,password,httpRealm,formActionOrigin,guid,timeCreated,timeLastUsed,timePasswordChanged
https://Pod-010-vCenter.SDDC.Lab,administrator@vsphere.local,VMware1!,,https://Pod-010-vCenter.SDDC.Lab,,,,
https://Pod-010-NSXT-GM.SDDC.Lab,admin,VMware1!VMware1!,,https://Pod-010-NSXT-GM.SDDC.Lab,,,,
https://Pod-010-NSXT-GM-1.SDDC.Lab,admin,VMware1!VMware1!,,https://Pod-010-NSXT-GM-1.SDDC.Lab,,,,
https://Pod-010-NSXT-LM.SDDC.Lab,admin,VMware1!VMware1!,,https://Pod-010-NSXT-LM.SDDC.Lab,,,,
https://Pod-010-NSXT-LM-1.SDDC.Lab,admin,VMware1!VMware1!,,https://Pod-010-NSXT-LM-1.SDDC.Lab,,,,
https://Pod-010-vRLI.SDDC.Lab,admin,VMware1!,,https://Pod-010-vRLI.SDDC.Lab,,,,
https://Pod-010-vRLI-1.SDDC.Lab,admin,VMware1!,,https://Pod-010-vRLI-1.SDDC.Lab,,,,
https://Pod-010-vRNI.SDDC.Lab,admin@local,VMware1!,,https://Pod-010-vRNI.SDDC.Lab,,,,
https://Pod-010-ALB-Controller.SDDC.Lab,admin,VMware1!VMware1!,,https://Pod-010-ALB-Controller.SDDC.Lab,,,,
https://Pod-010-ALB-Controller-1.SDDC.Lab,admin,VMware1!VMware1!,,https://Pod-010-ALB-Controller-1.SDDC.Lab,,,,
https://Pod-010-Replication-Appliance.SDDC.Lab,admin,VMware1!,,https://Pod-010-Replication-Appliance.SDDC.Lab,,,,
https://Pod-020-vCenter.SDDC.Lab,administrator@vsphere.local,VMware1!,,https://Pod-020-vCenter.SDDC.Lab,,,,
https://Pod-020-NSXT-GM.SDDC.Lab,admin,VMware1!VMware1!,,https://Pod-020-NSXT-GM.SDDC.Lab,,,,
https://Pod-020-NSXT-GM-1.SDDC.Lab,admin,VMware1!VMware1!,,https://Pod-020-NSXT-GM-1.SDDC.Lab,,,,
https://Pod-020-NSXT-LM.SDDC.Lab,admin,VMware1!VMware1!,,https://Pod-020-NSXT-LM.SDDC.Lab,,,,
https://Pod-020-NSXT-LM-1.SDDC.Lab,admin,VMware1!VMware1!,,https://Pod-020-NSXT-LM-1.SDDC.Lab,,,,
https://Pod-020-vRLI.SDDC.Lab,admin,VMware1!,,https://Pod-020-vRLI.SDDC.Lab,,,,
https://Pod-020-vRLI-1.SDDC.Lab,admin,VMware1!,,https://Pod-020-vRLI-1.SDDC.Lab,,,,
https://Pod-020-vRNI.SDDC.Lab,admin@local,VMware1!,,https://Pod-020-vRNI.SDDC.Lab,,,,
https://Pod-020-ALB-Controller.SDDC.Lab,admin,VMware1!VMware1!,,https://Pod-020-ALB-Controller.SDDC.Lab,,,,
https://Pod-020-ALB-Controller-1.SDDC.Lab,admin,VMware1!VMware1!,,https://Pod-020-ALB-Controller-1.SDDC.Lab,,,,
https://Pod-020-Replication-Appliance.SDDC.Lab,admin,VMware1!,,https://Pod-020-Replication-Appliance.SDDC.Lab,,,,
https://Pod-030-vCenter.SDDC.Lab,administrator@vsphere.local,VMware1!,,https://Pod-030-vCenter.SDDC.Lab,,,,
https://Pod-030-NSXT-GM.SDDC.Lab,admin,VMware1!VMware1!,,https://Pod-030-NSXT-GM.SDDC.Lab,,,,
https://Pod-030-NSXT-GM-1.SDDC.Lab,admin,VMware1!VMware1!,,https://Pod-030-NSXT-GM-1.SDDC.Lab,,,,
https://Pod-030-NSXT-LM.SDDC.Lab,admin,VMware1!VMware1!,,https://Pod-030-NSXT-LM.SDDC.Lab,,,,
https://Pod-030-NSXT-LM-1.SDDC.Lab,admin,VMware1!VMware1!,,https://Pod-030-NSXT-LM-1.SDDC.Lab,,,,
https://Pod-030-vRLI.SDDC.Lab,admin,VMware1!,,https://Pod-030-vRLI.SDDC.Lab,,,,
https://Pod-030-vRLI-1.SDDC.Lab,admin,VMware1!,,https://Pod-030-vRLI-1.SDDC.Lab,,,,
https://Pod-030-vRNI.SDDC.Lab,admin@local,VMware1!,,https://Pod-030-vRNI.SDDC.Lab,,,,
https://Pod-030-ALB-Controller.SDDC.Lab,admin,VMware1!VMware1!,,https://Pod-030-ALB-Controller.SDDC.Lab,,,,
https://Pod-030-ALB-Controller-1.SDDC.Lab,admin,VMware1!VMware1!,,https://Pod-030-ALB-Controller-1.SDDC.Lab,,,,
https://Pod-030-Replication-Appliance.SDDC.Lab,admin,VMware1!,,https://Pod-030-Replication-Appliance.SDDC.Lab,,,,
https://Pod-040-vCenter.SDDC.Lab,administrator@vsphere.local,VMware1!,,https://Pod-040-vCenter.SDDC.Lab,,,,
https://Pod-040-NSXT-GM.SDDC.Lab,admin,VMware1!VMware1!,,https://Pod-040-NSXT-GM.SDDC.Lab,,,,
https://Pod-040-NSXT-GM-1.SDDC.Lab,admin,VMware1!VMware1!,,https://Pod-040-NSXT-GM-1.SDDC.Lab,,,,
https://Pod-040-NSXT-LM.SDDC.Lab,admin,VMware1!VMware1!,,https://Pod-040-NSXT-LM.SDDC.Lab,,,,
https://Pod-040-NSXT-LM-1.SDDC.Lab,admin,VMware1!VMware1!,,https://Pod-040-NSXT-LM-1.SDDC.Lab,,,,
https://Pod-040-vRLI.SDDC.Lab,admin,VMware1!,,https://Pod-040-vRLI.SDDC.Lab,,,,
https://Pod-040-vRLI-1.SDDC.Lab,admin,VMware1!,,https://Pod-040-vRLI-1.SDDC.Lab,,,,
https://Pod-040-vRNI.SDDC.Lab,admin@local,VMware1!,,https://Pod-040-vRNI.SDDC.Lab,,,,
https://Pod-040-ALB-Controller.SDDC.Lab,admin,VMware1!VMware1!,,https://Pod-040-ALB-Controller.SDDC.Lab,,,,
https://Pod-040-ALB-Controller-1.SDDC.Lab,admin,VMware1!VMware1!,,https://Pod-040-ALB-Controller-1.SDDC.Lab,,,,
https://Pod-040-Replication-Appliance.SDDC.Lab,admin,VMware1!,,https://Pod-040-Replication-Appliance.SDDC.Lab,,,,
https://Pod-050-vCenter.SDDC.Lab,administrator@vsphere.local,VMware1!,,https://Pod-050-vCenter.SDDC.Lab,,,,
https://Pod-050-NSXT-GM.SDDC.Lab,admin,VMware1!VMware1!,,https://Pod-050-NSXT-GM.SDDC.Lab,,,,
https://Pod-050-NSXT-GM-1.SDDC.Lab,admin,VMware1!VMware1!,,https://Pod-050-NSXT-GM-1.SDDC.Lab,,,,
https://Pod-050-NSXT-LM.SDDC.Lab,admin,VMware1!VMware1!,,https://Pod-050-NSXT-LM.SDDC.Lab,,,,
https://Pod-050-NSXT-LM-1.SDDC.Lab,admin,VMware1!VMware1!,,https://Pod-050-NSXT-LM-1.SDDC.Lab,,,,
https://Pod-050-vRLI.SDDC.Lab,admin,VMware1!,,https://Pod-050-vRLI.SDDC.Lab,,,,
https://Pod-050-vRLI-1.SDDC.Lab,admin,VMware1!,,https://Pod-050-vRLI-1.SDDC.Lab,,,,
https://Pod-050-vRNI.SDDC.Lab,admin@local,VMware1!,,https://Pod-050-vRNI.SDDC.Lab,,,,
https://Pod-050-ALB-Controller.SDDC.Lab,admin,VMware1!VMware1!,,https://Pod-050-ALB-Controller.SDDC.Lab,,,,
https://Pod-050-ALB-Controller-1.SDDC.Lab,admin,VMware1!VMware1!,,https://Pod-050-ALB-Controller-1.SDDC.Lab,,,,
https://Pod-050-Replication-Appliance.SDDC.Lab,admin,VMware1!,,https://Pod-050-Replication-Appliance.SDDC.Lab,,,,
https://Pod-060-vCenter.SDDC.Lab,administrator@vsphere.local,VMware1!,,https://Pod-060-vCenter.SDDC.Lab,,,,
https://Pod-060-NSXT-GM.SDDC.Lab,admin,VMware1!VMware1!,,https://Pod-060-NSXT-GM.SDDC.Lab,,,,
https://Pod-060-NSXT-GM-1.SDDC.Lab,admin,VMware1!VMware1!,,https://Pod-060-NSXT-GM-1.SDDC.Lab,,,,
https://Pod-060-NSXT-LM.SDDC.Lab,admin,VMware1!VMware1!,,https://Pod-060-NSXT-LM.SDDC.Lab,,,,
https://Pod-060-NSXT-LM-1.SDDC.Lab,admin,VMware1!VMware1!,,https://Pod-060-NSXT-LM-1.SDDC.Lab,,,,
https://Pod-060-vRLI.SDDC.Lab,admin,VMware1!,,https://Pod-060-vRLI.SDDC.Lab,,,,
https://Pod-060-vRLI-1.SDDC.Lab,admin,VMware1!,,https://Pod-060-vRLI-1.SDDC.Lab,,,,
https://Pod-060-vRNI.SDDC.Lab,admin@local,VMware1!,,https://Pod-060-vRNI.SDDC.Lab,,,,
https://Pod-060-ALB-Controller.SDDC.Lab,admin,VMware1!VMware1!,,https://Pod-060-ALB-Controller.SDDC.Lab,,,,
https://Pod-060-ALB-Controller-1.SDDC.Lab,admin,VMware1!VMware1!,,https://Pod-060-ALB-Controller-1.SDDC.Lab,,,,
https://Pod-060-Replication-Appliance.SDDC.Lab,admin,VMware1!,,https://Pod-060-Replication-Appliance.SDDC.Lab,,,,
https://Pod-070-vCenter.SDDC.Lab,administrator@vsphere.local,VMware1!,,https://Pod-070-vCenter.SDDC.Lab,,,,
https://Pod-070-NSXT-GM.SDDC.Lab,admin,VMware1!VMware1!,,https://Pod-070-NSXT-GM.SDDC.Lab,,,,
https://Pod-070-NSXT-GM-1.SDDC.Lab,admin,VMware1!VMware1!,,https://Pod-070-NSXT-GM-1.SDDC.Lab,,,,
https://Pod-070-NSXT-LM.SDDC.Lab,admin,VMware1!VMware1!,,https://Pod-070-NSXT-LM.SDDC.Lab,,,,
https://Pod-070-NSXT-LM-1.SDDC.Lab,admin,VMware1!VMware1!,,https://Pod-070-NSXT-LM-1.SDDC.Lab,,,,
https://Pod-070-vRLI.SDDC.Lab,admin,VMware1!,,https://Pod-070-vRLI.SDDC.Lab,,,,
https://Pod-070-vRLI-1.SDDC.Lab,admin,VMware1!,,https://Pod-070-vRLI-1.SDDC.Lab,,,,
https://Pod-070-vRNI.SDDC.Lab,admin@local,VMware1!,,https://Pod-070-vRNI.SDDC.Lab,,,,
https://Pod-070-ALB-Controller.SDDC.Lab,admin,VMware1!VMware1!,,https://Pod-070-ALB-Controller.SDDC.Lab,,,,
https://Pod-070-ALB-Controller-1.SDDC.Lab,admin,VMware1!VMware1!,,https://Pod-070-ALB-Controller-1.SDDC.Lab,,,,
https://Pod-070-Replication-Appliance.SDDC.Lab,admin,VMware1!,,https://Pod-070-Replication-Appliance.SDDC.Lab,,,,
https://Pod-080-vCenter.SDDC.Lab,administrator@vsphere.local,VMware1!,,https://Pod-080-vCenter.SDDC.Lab,,,,
https://Pod-080-NSXT-GM.SDDC.Lab,admin,VMware1!VMware1!,,https://Pod-080-NSXT-GM.SDDC.Lab,,,,
https://Pod-080-NSXT-GM-1.SDDC.Lab,admin,VMware1!VMware1!,,https://Pod-080-NSXT-GM-1.SDDC.Lab,,,,
https://Pod-080-NSXT-LM.SDDC.Lab,admin,VMware1!VMware1!,,https://Pod-080-NSXT-LM.SDDC.Lab,,,,
https://Pod-080-NSXT-LM-1.SDDC.Lab,admin,VMware1!VMware1!,,https://Pod-080-NSXT-LM-1.SDDC.Lab,,,,
https://Pod-080-vRLI.SDDC.Lab,admin,VMware1!,,https://Pod-080-vRLI.SDDC.Lab,,,,
https://Pod-080-vRLI-1.SDDC.Lab,admin,VMware1!,,https://Pod-080-vRLI-1.SDDC.Lab,,,,
https://Pod-080-vRNI.SDDC.Lab,admin@local,VMware1!,,https://Pod-080-vRNI.SDDC.Lab,,,,
https://Pod-080-ALB-Controller.SDDC.Lab,admin,VMware1!VMware1!,,https://Pod-080-ALB-Controller.SDDC.Lab,,,,
https://Pod-080-ALB-Controller-1.SDDC.Lab,admin,VMware1!VMware1!,,https://Pod-080-ALB-Controller-1.SDDC.Lab,,,,
https://Pod-080-Replication-Appliance.SDDC.Lab,admin,VMware1!,,https://Pod-080-Replication-Appliance.SDDC.Lab,,,,
https://Pod-090-vCenter.SDDC.Lab,administrator@vsphere.local,VMware1!,,https://Pod-090-vCenter.SDDC.Lab,,,,
https://Pod-090-NSXT-GM.SDDC.Lab,admin,VMware1!VMware1!,,https://Pod-090-NSXT-GM.SDDC.Lab,,,,
https://Pod-090-NSXT-GM-1.SDDC.Lab,admin,VMware1!VMware1!,,https://Pod-090-NSXT-GM-1.SDDC.Lab,,,,
https://Pod-090-NSXT-LM.SDDC.Lab,admin,VMware1!VMware1!,,https://Pod-090-NSXT-LM.SDDC.Lab,,,,
https://Pod-090-NSXT-LM-1.SDDC.Lab,admin,VMware1!VMware1!,,https://Pod-090-NSXT-LM-1.SDDC.Lab,,,,
https://Pod-090-vRLI.SDDC.Lab,admin,VMware1!,,https://Pod-090-vRLI.SDDC.Lab,,,,
https://Pod-090-vRLI-1.SDDC.Lab,admin,VMware1!,,https://Pod-090-vRLI-1.SDDC.Lab,,,,
https://Pod-090-vRNI.SDDC.Lab,admin@local,VMware1!,,https://Pod-090-vRNI.SDDC.Lab,,,,
https://Pod-090-ALB-Controller.SDDC.Lab,admin,VMware1!VMware1!,,https://Pod-090-ALB-Controller.SDDC.Lab,,,,
https://Pod-090-ALB-Controller-1.SDDC.Lab,admin,VMware1!VMware1!,,https://Pod-090-ALB-Controller-1.SDDC.Lab,,,,
https://Pod-090-Replication-Appliance.SDDC.Lab,admin,VMware1!,,https://Pod-090-Replication-Appliance.SDDC.Lab,,,,
https://Pod-100-vCenter.SDDC.Lab,administrator@vsphere.local,VMware1!,,https://Pod-100-vCenter.SDDC.Lab,,,,
https://Pod-100-NSXT-GM.SDDC.Lab,admin,VMware1!VMware1!,,https://Pod-100-NSXT-GM.SDDC.Lab,,,,
https://Pod-100-NSXT-GM-1.SDDC.Lab,admin,VMware1!VMware1!,,https://Pod-100-NSXT-GM-1.SDDC.Lab,,,,
https://Pod-100-NSXT-LM.SDDC.Lab,admin,VMware1!VMware1!,,https://Pod-100-NSXT-LM.SDDC.Lab,,,,
https://Pod-100-NSXT-LM-1.SDDC.Lab,admin,VMware1!VMware1!,,https://Pod-100-NSXT-LM-1.SDDC.Lab,,,,
https://Pod-100-vRLI.SDDC.Lab,admin,VMware1!,,https://Pod-100-vRLI.SDDC.Lab,,,,
https://Pod-100-vRLI-1.SDDC.Lab,admin,VMware1!,,https://Pod-100-vRLI-1.SDDC.Lab,,,,
https://Pod-100-vRNI.SDDC.Lab,admin@local,VMware1!,,https://Pod-100-vRNI.SDDC.Lab,,,,
https://Pod-100-ALB-Controller.SDDC.Lab,admin,VMware1!VMware1!,,https://Pod-100-ALB-Controller.SDDC.Lab,,,,
https://Pod-100-ALB-Controller-1.SDDC.Lab,admin,VMware1!VMware1!,,https://Pod-100-ALB-Controller-1.SDDC.Lab,,,,
https://Pod-100-Replication-Appliance.SDDC.Lab,admin,VMware1!,,https://Pod-100-Replication-Appliance.SDDC.Lab,,,,
https://Pod-110-vCenter.SDDC.Lab,administrator@vsphere.local,VMware1!,,https://Pod-110-vCenter.SDDC.Lab,,,,
https://Pod-110-NSXT-GM.SDDC.Lab,admin,VMware1!VMware1!,,https://Pod-110-NSXT-GM.SDDC.Lab,,,,
https://Pod-110-NSXT-GM-1.SDDC.Lab,admin,VMware1!VMware1!,,https://Pod-110-NSXT-GM-1.SDDC.Lab,,,,
https://Pod-110-NSXT-LM.SDDC.Lab,admin,VMware1!VMware1!,,https://Pod-110-NSXT-LM.SDDC.Lab,,,,
https://Pod-110-NSXT-LM-1.SDDC.Lab,admin,VMware1!VMware1!,,https://Pod-110-NSXT-LM-1.SDDC.Lab,,,,
https://Pod-110-vRLI.SDDC.Lab,admin,VMware1!,,https://Pod-110-vRLI.SDDC.Lab,,,,
https://Pod-110-vRLI-1.SDDC.Lab,admin,VMware1!,,https://Pod-110-vRLI-1.SDDC.Lab,,,,
https://Pod-110-vRNI.SDDC.Lab,admin@local,VMware1!,,https://Pod-110-vRNI.SDDC.Lab,,,,
https://Pod-110-ALB-Controller.SDDC.Lab,admin,VMware1!VMware1!,,https://Pod-110-ALB-Controller.SDDC.Lab,,,,
https://Pod-110-ALB-Controller-1.SDDC.Lab,admin,VMware1!VMware1!,,https://Pod-110-ALB-Controller-1.SDDC.Lab,,,,
https://Pod-110-Replication-Appliance.SDDC.Lab,admin,VMware1!,,https://Pod-110-Replication-Appliance.SDDC.Lab,,,,
https://Pod-120-vCenter.SDDC.Lab,administrator@vsphere.local,VMware1!,,https://Pod-120-vCenter.SDDC.Lab,,,,
https://Pod-120-NSXT-GM.SDDC.Lab,admin,VMware1!VMware1!,,https://Pod-120-NSXT-GM.SDDC.Lab,,,,
https://Pod-120-NSXT-GM-1.SDDC.Lab,admin,VMware1!VMware1!,,https://Pod-120-NSXT-GM-1.SDDC.Lab,,,,
https://Pod-120-NSXT-LM.SDDC.Lab,admin,VMware1!VMware1!,,https://Pod-120-NSXT-LM.SDDC.Lab,,,,
https://Pod-120-NSXT-LM-1.SDDC.Lab,admin,VMware1!VMware1!,,https://Pod-120-NSXT-LM-1.SDDC.Lab,,,,
https://Pod-120-vRLI.SDDC.Lab,admin,VMware1!,,https://Pod-120-vRLI.SDDC.Lab,,,,
https://Pod-120-vRLI-1.SDDC.Lab,admin,VMware1!,,https://Pod-120-vRLI-1.SDDC.Lab,,,,
https://Pod-120-vRNI.SDDC.Lab,admin@local,VMware1!,,https://Pod-120-vRNI.SDDC.Lab,,,,
https://Pod-120-ALB-Controller.SDDC.Lab,admin,VMware1!VMware1!,,https://Pod-120-ALB-Controller.SDDC.Lab,,,,
https://Pod-120-ALB-Controller-1.SDDC.Lab,admin,VMware1!VMware1!,,https://Pod-120-ALB-Controller-1.SDDC.Lab,,,,
https://Pod-120-Replication-Appliance.SDDC.Lab,admin,VMware1!,,https://Pod-120-Replication-Appliance.SDDC.Lab,,,,
https://Pod-130-vCenter.SDDC.Lab,administrator@vsphere.local,VMware1!,,https://Pod-130-vCenter.SDDC.Lab,,,,
https://Pod-130-NSXT-GM.SDDC.Lab,admin,VMware1!VMware1!,,https://Pod-130-NSXT-GM.SDDC.Lab,,,,
https://Pod-130-NSXT-GM-1.SDDC.Lab,admin,VMware1!VMware1!,,https://Pod-130-NSXT-GM-1.SDDC.Lab,,,,
https://Pod-130-NSXT-LM.SDDC.Lab,admin,VMware1!VMware1!,,https://Pod-130-NSXT-LM.SDDC.Lab,,,,
https://Pod-130-NSXT-LM-1.SDDC.Lab,admin,VMware1!VMware1!,,https://Pod-130-NSXT-LM-1.SDDC.Lab,,,,
https://Pod-130-vRLI.SDDC.Lab,admin,VMware1!,,https://Pod-130-vRLI.SDDC.Lab,,,,
https://Pod-130-vRLI-1.SDDC.Lab,admin,VMware1!,,https://Pod-130-vRLI-1.SDDC.Lab,,,,
https://Pod-130-vRNI.SDDC.Lab,admin@local,VMware1!,,https://Pod-130-vRNI.SDDC.Lab,,,,
https://Pod-130-ALB-Controller.SDDC.Lab,admin,VMware1!VMware1!,,https://Pod-130-ALB-Controller.SDDC.Lab,,,,
https://Pod-130-ALB-Controller-1.SDDC.Lab,admin,VMware1!VMware1!,,https://Pod-130-ALB-Controller-1.SDDC.Lab,,,,
https://Pod-130-Replication-Appliance.SDDC.Lab,admin,VMware1!,,https://Pod-130-Replication-Appliance.SDDC.Lab,,,,
https://Pod-140-vCenter.SDDC.Lab,administrator@vsphere.local,VMware1!,,https://Pod-140-vCenter.SDDC.Lab,,,,
https://Pod-140-NSXT-GM.SDDC.Lab,admin,VMware1!VMware1!,,https://Pod-140-NSXT-GM.SDDC.Lab,,,,
https://Pod-140-NSXT-GM-1.SDDC.Lab,admin,VMware1!VMware1!,,https://Pod-140-NSXT-GM-1.SDDC.Lab,,,,
https://Pod-140-NSXT-LM.SDDC.Lab,admin,VMware1!VMware1!,,https://Pod-140-NSXT-LM.SDDC.Lab,,,,
https://Pod-140-NSXT-LM-1.SDDC.Lab,admin,VMware1!VMware1!,,https://Pod-140-NSXT-LM-1.SDDC.Lab,,,,
https://Pod-140-vRLI.SDDC.Lab,admin,VMware1!,,https://Pod-140-vRLI.SDDC.Lab,,,,
https://Pod-140-vRLI-1.SDDC.Lab,admin,VMware1!,,https://Pod-140-vRLI-1.SDDC.Lab,,,,
https://Pod-140-vRNI.SDDC.Lab,admin@local,VMware1!,,https://Pod-140-vRNI.SDDC.Lab,,,,
https://Pod-140-ALB-Controller.SDDC.Lab,admin,VMware1!VMware1!,,https://Pod-140-ALB-Controller.SDDC.Lab,,,,
https://Pod-140-ALB-Controller-1.SDDC.Lab,admin,VMware1!VMware1!,,https://Pod-140-ALB-Controller-1.SDDC.Lab,,,,
https://Pod-140-Replication-Appliance.SDDC.Lab,admin,VMware1!,,https://Pod-140-Replication-Appliance.SDDC.Lab,,,,
https://Pod-150-vCenter.SDDC.Lab,administrator@vsphere.local,VMware1!,,https://Pod-150-vCenter.SDDC.Lab,,,,
https://Pod-150-NSXT-GM.SDDC.Lab,admin,VMware1!VMware1!,,https://Pod-150-NSXT-GM.SDDC.Lab,,,,
https://Pod-150-NSXT-GM-1.SDDC.Lab,admin,VMware1!VMware1!,,https://Pod-150-NSXT-GM-1.SDDC.Lab,,,,
https://Pod-150-NSXT-LM.SDDC.Lab,admin,VMware1!VMware1!,,https://Pod-150-NSXT-LM.SDDC.Lab,,,,
https://Pod-150-NSXT-LM-1.SDDC.Lab,admin,VMware1!VMware1!,,https://Pod-150-NSXT-LM-1.SDDC.Lab,,,,
https://Pod-150-vRLI.SDDC.Lab,admin,VMware1!,,https://Pod-150-vRLI.SDDC.Lab,,,,
https://Pod-150-vRLI-1.SDDC.Lab,admin,VMware1!,,https://Pod-150-vRLI-1.SDDC.Lab,,,,
https://Pod-150-vRNI.SDDC.Lab,admin@local,VMware1!,,https://Pod-150-vRNI.SDDC.Lab,,,,
https://Pod-150-ALB-Controller.SDDC.Lab,admin,VMware1!VMware1!,,https://Pod-150-ALB-Controller.SDDC.Lab,,,,
https://Pod-150-ALB-Controller-1.SDDC.Lab,admin,VMware1!VMware1!,,https://Pod-150-ALB-Controller-1.SDDC.Lab,,,,
https://Pod-150-Replication-Appliance.SDDC.Lab,admin,VMware1!,,https://Pod-150-Replication-Appliance.SDDC.Lab,,,,
https://Pod-160-vCenter.SDDC.Lab,administrator@vsphere.local,VMware1!,,https://Pod-160-vCenter.SDDC.Lab,,,,
https://Pod-160-NSXT-GM.SDDC.Lab,admin,VMware1!VMware1!,,https://Pod-160-NSXT-GM.SDDC.Lab,,,,
https://Pod-160-NSXT-GM-1.SDDC.Lab,admin,VMware1!VMware1!,,https://Pod-160-NSXT-GM-1.SDDC.Lab,,,,
https://Pod-160-NSXT-LM.SDDC.Lab,admin,VMware1!VMware1!,,https://Pod-160-NSXT-LM.SDDC.Lab,,,,
https://Pod-160-NSXT-LM-1.SDDC.Lab,admin,VMware1!VMware1!,,https://Pod-160-NSXT-LM-1.SDDC.Lab,,,,
https://Pod-160-vRLI.SDDC.Lab,admin,VMware1!,,https://Pod-160-vRLI.SDDC.Lab,,,,
https://Pod-160-vRLI-1.SDDC.Lab,admin,VMware1!,,https://Pod-160-vRLI-1.SDDC.Lab,,,,
https://Pod-160-vRNI.SDDC.Lab,admin@local,VMware1!,,https://Pod-160-vRNI.SDDC.Lab,,,,
https://Pod-160-ALB-Controller.SDDC.Lab,admin,VMware1!VMware1!,,https://Pod-160-ALB-Controller.SDDC.Lab,,,,
https://Pod-160-ALB-Controller-1.SDDC.Lab,admin,VMware1!VMware1!,,https://Pod-160-ALB-Controller-1.SDDC.Lab,,,,
https://Pod-160-Replication-Appliance.SDDC.Lab,admin,VMware1!,,https://Pod-160-Replication-Appliance.SDDC.Lab,,,,
https://Pod-170-vCenter.SDDC.Lab,administrator@vsphere.local,VMware1!,,https://Pod-170-vCenter.SDDC.Lab,,,,
https://Pod-170-NSXT-GM.SDDC.Lab,admin,VMware1!VMware1!,,https://Pod-170-NSXT-GM.SDDC.Lab,,,,
https://Pod-170-NSXT-GM-1.SDDC.Lab,admin,VMware1!VMware1!,,https://Pod-170-NSXT-GM-1.SDDC.Lab,,,,
https://Pod-170-NSXT-LM.SDDC.Lab,admin,VMware1!VMware1!,,https://Pod-170-NSXT-LM.SDDC.Lab,,,,
https://Pod-170-NSXT-LM-1.SDDC.Lab,admin,VMware1!VMware1!,,https://Pod-170-NSXT-LM-1.SDDC.Lab,,,,
https://Pod-170-vRLI.SDDC.Lab,admin,VMware1!,,https://Pod-170-vRLI.SDDC.Lab,,,,
https://Pod-170-vRLI-1.SDDC.Lab,admin,VMware1!,,https://Pod-170-vRLI-1.SDDC.Lab,,,,
https://Pod-170-vRNI.SDDC.Lab,admin@local,VMware1!,,https://Pod-170-vRNI.SDDC.Lab,,,,
https://Pod-170-ALB-Controller.SDDC.Lab,admin,VMware1!VMware1!,,https://Pod-170-ALB-Controller.SDDC.Lab,,,,
https://Pod-170-ALB-Controller-1.SDDC.Lab,admin,VMware1!VMware1!,,https://Pod-170-ALB-Controller-1.SDDC.Lab,,,,
https://Pod-170-Replication-Appliance.SDDC.Lab,admin,VMware1!,,https://Pod-170-Replication-Appliance.SDDC.Lab,,,,
https://Pod-180-vCenter.SDDC.Lab,administrator@vsphere.local,VMware1!,,https://Pod-180-vCenter.SDDC.Lab,,,,
https://Pod-180-NSXT-GM.SDDC.Lab,admin,VMware1!VMware1!,,https://Pod-180-NSXT-GM.SDDC.Lab,,,,
https://Pod-180-NSXT-GM-1.SDDC.Lab,admin,VMware1!VMware1!,,https://Pod-180-NSXT-GM-1.SDDC.Lab,,,,
https://Pod-180-NSXT-LM.SDDC.Lab,admin,VMware1!VMware1!,,https://Pod-180-NSXT-LM.SDDC.Lab,,,,
https://Pod-180-NSXT-LM-1.SDDC.Lab,admin,VMware1!VMware1!,,https://Pod-180-NSXT-LM-1.SDDC.Lab,,,,
https://Pod-180-vRLI.SDDC.Lab,admin,VMware1!,,https://Pod-180-vRLI.SDDC.Lab,,,,
https://Pod-180-vRLI-1.SDDC.Lab,admin,VMware1!,,https://Pod-180-vRLI-1.SDDC.Lab,,,,
https://Pod-180-vRNI.SDDC.Lab,admin@local,VMware1!,,https://Pod-180-vRNI.SDDC.Lab,,,,
https://Pod-180-ALB-Controller.SDDC.Lab,admin,VMware1!VMware1!,,https://Pod-180-ALB-Controller.SDDC.Lab,,,,
https://Pod-180-ALB-Controller-1.SDDC.Lab,admin,VMware1!VMware1!,,https://Pod-180-ALB-Controller-1.SDDC.Lab,,,,
https://Pod-180-Replication-Appliance.SDDC.Lab,admin,VMware1!,,https://Pod-180-Replication-Appliance.SDDC.Lab,,,,
https://Pod-190-vCenter.SDDC.Lab,administrator@vsphere.local,VMware1!,,https://Pod-190-vCenter.SDDC.Lab,,,,
https://Pod-190-NSXT-GM.SDDC.Lab,admin,VMware1!VMware1!,,https://Pod-190-NSXT-GM.SDDC.Lab,,,,
https://Pod-190-NSXT-GM-1.SDDC.Lab,admin,VMware1!VMware1!,,https://Pod-190-NSXT-GM-1.SDDC.Lab,,,,
https://Pod-190-NSXT-LM.SDDC.Lab,admin,VMware1!VMware1!,,https://Pod-190-NSXT-LM.SDDC.Lab,,,,
https://Pod-190-NSXT-LM-1.SDDC.Lab,admin,VMware1!VMware1!,,https://Pod-190-NSXT-LM-1.SDDC.Lab,,,,
https://Pod-190-vRLI.SDDC.Lab,admin,VMware1!,,https://Pod-190-vRLI.SDDC.Lab,,,,
https://Pod-190-vRLI-1.SDDC.Lab,admin,VMware1!,,https://Pod-190-vRLI-1.SDDC.Lab,,,,
https://Pod-190-vRNI.SDDC.Lab,admin@local,VMware1!,,https://Pod-190-vRNI.SDDC.Lab,,,,
https://Pod-190-ALB-Controller.SDDC.Lab,admin,VMware1!VMware1!,,https://Pod-190-ALB-Controller.SDDC.Lab,,,,
https://Pod-190-ALB-Controller-1.SDDC.Lab,admin,VMware1!VMware1!,,https://Pod-190-ALB-Controller-1.SDDC.Lab,,,,
https://Pod-190-Replication-Appliance.SDDC.Lab,admin,VMware1!,,https://Pod-190-Replication-Appliance.SDDC.Lab,,,,
https://Pod-200-vCenter.SDDC.Lab,administrator@vsphere.local,VMware1!,,https://Pod-200-vCenter.SDDC.Lab,,,,
https://Pod-200-NSXT-GM.SDDC.Lab,admin,VMware1!VMware1!,,https://Pod-200-NSXT-GM.SDDC.Lab,,,,
https://Pod-200-NSXT-GM-1.SDDC.Lab,admin,VMware1!VMware1!,,https://Pod-200-NSXT-GM-1.SDDC.Lab,,,,
https://Pod-200-NSXT-LM.SDDC.Lab,admin,VMware1!VMware1!,,https://Pod-200-NSXT-LM.SDDC.Lab,,,,
https://Pod-200-NSXT-LM-1.SDDC.Lab,admin,VMware1!VMware1!,,https://Pod-200-NSXT-LM-1.SDDC.Lab,,,,
https://Pod-200-vRLI.SDDC.Lab,admin,VMware1!,,https://Pod-200-vRLI.SDDC.Lab,,,,
https://Pod-200-vRLI-1.SDDC.Lab,admin,VMware1!,,https://Pod-200-vRLI-1.SDDC.Lab,,,,
https://Pod-200-vRNI.SDDC.Lab,admin@local,VMware1!,,https://Pod-200-vRNI.SDDC.Lab,,,,
https://Pod-200-ALB-Controller.SDDC.Lab,admin,VMware1!VMware1!,,https://Pod-200-ALB-Controller.SDDC.Lab,,,,
https://Pod-200-ALB-Controller-1.SDDC.Lab,admin,VMware1!VMware1!,,https://Pod-200-ALB-Controller-1.SDDC.Lab,,,,
https://Pod-200-Replication-Appliance.SDDC.Lab,admin,VMware1!,,https://Pod-200-Replication-Appliance.SDDC.Lab,,,,
https://Pod-210-vCenter.SDDC.Lab,administrator@vsphere.local,VMware1!,,https://Pod-210-vCenter.SDDC.Lab,,,,
https://Pod-210-NSXT-GM.SDDC.Lab,admin,VMware1!VMware1!,,https://Pod-210-NSXT-GM.SDDC.Lab,,,,
https://Pod-210-NSXT-GM-1.SDDC.Lab,admin,VMware1!VMware1!,,https://Pod-210-NSXT-GM-1.SDDC.Lab,,,,
https://Pod-210-NSXT-LM.SDDC.Lab,admin,VMware1!VMware1!,,https://Pod-210-NSXT-LM.SDDC.Lab,,,,
https://Pod-210-NSXT-LM-1.SDDC.Lab,admin,VMware1!VMware1!,,https://Pod-210-NSXT-LM-1.SDDC.Lab,,,,
https://Pod-210-vRLI.SDDC.Lab,admin,VMware1!,,https://Pod-210-vRLI.SDDC.Lab,,,,
https://Pod-210-vRLI-1.SDDC.Lab,admin,VMware1!,,https://Pod-210-vRLI-1.SDDC.Lab,,,,
https://Pod-210-vRNI.SDDC.Lab,admin@local,VMware1!,,https://Pod-210-vRNI.SDDC.Lab,,,,
https://Pod-210-ALB-Controller.SDDC.Lab,admin,VMware1!VMware1!,,https://Pod-210-ALB-Controller.SDDC.Lab,,,,
https://Pod-210-ALB-Controller-1.SDDC.Lab,admin,VMware1!VMware1!,,https://Pod-210-ALB-Controller-1.SDDC.Lab,,,,
https://Pod-210-Replication-Appliance.SDDC.Lab,admin,VMware1!,,https://Pod-210-Replication-Appliance.SDDC.Lab,,,,
https://Pod-220-vCenter.SDDC.Lab,administrator@vsphere.local,VMware1!,,https://Pod-220-vCenter.SDDC.Lab,,,,
https://Pod-220-NSXT-GM.SDDC.Lab,admin,VMware1!VMware1!,,https://Pod-220-NSXT-GM.SDDC.Lab,,,,
https://Pod-220-NSXT-GM-1.SDDC.Lab,admin,VMware1!VMware1!,,https://Pod-220-NSXT-GM-1.SDDC.Lab,,,,
https://Pod-220-NSXT-LM.SDDC.Lab,admin,VMware1!VMware1!,,https://Pod-220-NSXT-LM.SDDC.Lab,,,,
https://Pod-220-NSXT-LM-1.SDDC.Lab,admin,VMware1!VMware1!,,https://Pod-220-NSXT-LM-1.SDDC.Lab,,,,
https://Pod-220-vRLI.SDDC.Lab,admin,VMware1!,,https://Pod-220-vRLI.SDDC.Lab,,,,
https://Pod-220-vRLI-1.SDDC.Lab,admin,VMware1!,,https://Pod-220-vRLI-1.SDDC.Lab,,,,
https://Pod-220-vRNI.SDDC.Lab,admin@local,VMware1!,,https://Pod-220-vRNI.SDDC.Lab,,,,
https://Pod-220-ALB-Controller.SDDC.Lab,admin,VMware1!VMware1!,,https://Pod-220-ALB-Controller.SDDC.Lab,,,,
https://Pod-220-ALB-Controller-1.SDDC.Lab,admin,VMware1!VMware1!,,https://Pod-220-ALB-Controller-1.SDDC.Lab,,,,
https://Pod-220-Replication-Appliance.SDDC.Lab,admin,VMware1!,,https://Pod-220-Replication-Appliance.SDDC.Lab,,,,
https://Pod-230-vCenter.SDDC.Lab,administrator@vsphere.local,VMware1!,,https://Pod-230-vCenter.SDDC.Lab,,,,
https://Pod-230-NSXT-GM.SDDC.Lab,admin,VMware1!VMware1!,,https://Pod-230-NSXT-GM.SDDC.Lab,,,,
https://Pod-230-NSXT-GM-1.SDDC.Lab,admin,VMware1!VMware1!,,https://Pod-230-NSXT-GM-1.SDDC.Lab,,,,
https://Pod-230-NSXT-LM.SDDC.Lab,admin,VMware1!VMware1!,,https://Pod-230-NSXT-LM.SDDC.Lab,,,,
https://Pod-230-NSXT-LM-1.SDDC.Lab,admin,VMware1!VMware1!,,https://Pod-230-NSXT-LM-1.SDDC.Lab,,,,
https://Pod-230-vRLI.SDDC.Lab,admin,VMware1!,,https://Pod-230-vRLI.SDDC.Lab,,,,
https://Pod-230-vRLI-1.SDDC.Lab,admin,VMware1!,,https://Pod-230-vRLI-1.SDDC.Lab,,,,
https://Pod-230-vRNI.SDDC.Lab,admin@local,VMware1!,,https://Pod-230-vRNI.SDDC.Lab,,,,
https://Pod-230-ALB-Controller.SDDC.Lab,admin,VMware1!VMware1!,,https://Pod-230-ALB-Controller.SDDC.Lab,,,,
https://Pod-230-ALB-Controller-1.SDDC.Lab,admin,VMware1!VMware1!,,https://Pod-230-ALB-Controller-1.SDDC.Lab,,,,
https://Pod-230-Replication-Appliance.SDDC.Lab,admin,VMware1!,,https://Pod-230-Replication-Appliance.SDDC.Lab,,,,
https://Pod-240-vCenter.SDDC.Lab,administrator@vsphere.local,VMware1!,,https://Pod-240-vCenter.SDDC.Lab,,,,
https://Pod-240-NSXT-GM.SDDC.Lab,admin,VMware1!VMware1!,,https://Pod-240-NSXT-GM.SDDC.Lab,,,,
https://Pod-240-NSXT-GM-1.SDDC.Lab,admin,VMware1!VMware1!,,https://Pod-240-NSXT-GM-1.SDDC.Lab,,,,
https://Pod-240-NSXT-LM.SDDC.Lab,admin,VMware1!VMware1!,,https://Pod-240-NSXT-LM.SDDC.Lab,,,,
https://Pod-240-NSXT-LM-1.SDDC.Lab,admin,VMware1!VMware1!,,https://Pod-240-NSXT-LM-1.SDDC.Lab,,,,
https://Pod-240-vRLI.SDDC.Lab,admin,VMware1!,,https://Pod-240-vRLI.SDDC.Lab,,,,
https://Pod-240-vRLI-1.SDDC.Lab,admin,VMware1!,,https://Pod-240-vRLI-1.SDDC.Lab,,,,
https://Pod-240-vRNI.SDDC.Lab,admin@local,VMware1!,,https://Pod-240-vRNI.SDDC.Lab,,,,
https://Pod-240-ALB-Controller.SDDC.Lab,admin,VMware1!VMware1!,,https://Pod-240-ALB-Controller.SDDC.Lab,,,,
https://Pod-240-ALB-Controller-1.SDDC.Lab,admin,VMware1!VMware1!,,https://Pod-240-ALB-Controller-1.SDDC.Lab,,,,
https://Pod-240-Replication-Appliance.SDDC.Lab,admin,VMware1!,,https://Pod-240-Replication-Appliance.SDDC.Lab,,,,
